{
	"id": "4cda6b39-00e1-48d7-b33f-7bc1c6b72c3c",
	"name": "Telecom",
	"values": [
		{
			"key": "useremail",
			"value": "",
			"type": "any",
			"enabled": true
		},
		{
			"key": "token",
			"value": "eyJhbGciOiJIUzI1NiIsInR5cCI6IkpXVCJ9.eyJfaWQiOiI2NzZlNDg4ZmRhMTY3OTAwMTMxYmYyNTgiLCJpYXQiOjE3MzUyODA3ODN9.qOVsqw0xgHtc38LgKY04qzERfck-XOVQE7f6gMwG5l8",
			"type": "any",
			"enabled": true
		},
		{
			"key": "id",
			"value": "",
			"type": "any",
			"enabled": true
		},
		{
			"key": "1",
			"value": "",
			"type": "any",
			"enabled": true
		},
		{
			"key": "counter",
			"value": "",
			"type": "any",
			"enabled": true
		},
		{
			"key": "name",
			"value": "",
			"type": "any",
			"enabled": true
		},
		{
			"key": "logintoken",
			"value": "",
			"type": "any",
			"enabled": true
		},
		{
			"key": "id value",
			"value": "67702b7c06a1000013d3ed29",
			"type": "any",
			"enabled": true
		},
		{
			"key": "contactID",
			"value": "",
			"type": "any",
			"enabled": true
		}
	],
	"_postman_variable_scope": "environment",
	"_postman_exported_at": "2024-12-28T18:22:50.687Z",
	"_postman_exported_using": "Postman/11.23.3"
}